city,country,pub_location,PlaceID,Latitudes,Longitudes
Kingston,Jamaica,"Kingston, Jamaica",kingston_jamaica,18.017589,-76.80273
Barcelona,Spain,"Barcelona, Spain",barcelona_spain,41.382894,2.177432
London,England,"London, England",london_england,51.515618,-0.091998
Chichester,West Sussex,"Chichester, West Sussex, England",chichester_west_sussex_england,50.836486,-0.779172
Richmond,London,"Richmond, Londonland",richmond_londonland,37.538509,-77.43428
Oxford,England,"Oxford, England",oxford_england,51.773175,-1.264027
Valencia,Spain,"Valencia, Spain",valencia_spain,39.469707,-0.376335
Paris,France,"Paris, France",paris_france,48.85658,2.35183
Moncton,Canada,"Moncton, Canada",moncton_canada,46.097995,-64.80011
"Amherst, MA",United States,"Amherst, MA, United States",amherst_ma_united_states,42.368566,-72.505714
"Washington, DC",United States,"Washington, DC, United States",washington_dc_united_states,38.895037,-77.036543
Buenos Aires,Argentina,"Buenos Aires, Argentina",buenos_aires_argentina,-34.59972,-58.38194
Scarborough,Canada,"Scarborough, Canada",scarborough_canada,43.7729,-79.2576
Santo Domingo,Dominican Republic,"Santo Domingo, Dominican Republic",santo_domingo_dominican_republic,18.49333,-69.86667
Brighton,England,"Brighton, England",brighton_england,50.8220576,-0.140343
"Brooklyn, NY",United States,"Brooklyn, NY, United States",brooklyn_ny_united_states,40.652601,-73.949721
Washington,United States,"Washington, United States",washington_united_states,48.0250054,-120.09429
Praha,Czech Republic,"Praha, Czech Republic",praha_czech_republic,50.087465,14.421253
Trafalgar,Dominica,"Trafalgar, Dominica",trafalgar_dominica,15.323694,-61.346793
Port-au-Prince,Haiti,"Port-au-Prince, Haiti",port_au_prince_haiti,18.5473,-72.3396
Pompano Beach,United States,"Pompano Beach, United States",pompano_beach_united_states,26.23786,-80.124767
Chapel Hill,United States,"Chapel Hill, United States",chapel_hill_united_states,35.913154,-79.05578
Toronto,Canada,"Toronto, Canada",toronto_canada,43.653482,-79.383935
Wyoming,United States,"Wyoming, United States",wyoming_united_states,43.5444589,-107.53986
Madrid,Spain,"Madrid, Spain",madrid_spain,40.416705,-3.703583
"New Brunswick, NJ",United States,"New Brunswick, NJ, United States",new_brunswick_nj_united_states,40.486217,-74.451817
"Bloomington, IN",United States,"Bloomington, IN, United States",bloomington_in_united_states,39.16704,-86.534288
Bridgetown,Barbados,"Bridgetown, Barbados",bridgetown_barbados,13.09611,-59.60833
St. Michael,Barbados,"St. Michael, Barbados",st._michael_barbados,13.11667,-59.6
Leeds,England,"Leeds, England",leeds_england,53.797419,-1.543794
Windsor,Canada,"Windsor, Canada",windsor_canada,42.317099,-83.035343
St. Philip,Barbados,"St. Philip, Barbados",st._philip_barbados,13.11667,-59.46667
Glasgow,Scotland,"Glasgow, Scotland",glasgow_scotland,55.860983,-4.248879
Annandale-on-Hudson,United States,"Annandale-on-Hudson, United States",annandale_on_hudson_united_states,42.01287,-73.90819
North Devon,England,"North Devon, England",north_devon_england,51.104182,-3.952825
Port of Spain,Trinidad,"Port of Spain, Trinidad",port_of_spain_trinidad,10.66667,-61.51667
Port-au- Prince,Haiti,"Port-au- Prince, Haiti",port_au__prince_haiti,18.5473,-72.3396
"Woodstock, NY",United States,"Woodstock, NY, United States",woodstock_ny_united_states,40.741801,-74.007492
"New York, NY",United States,"New York, NY, United States",new_york_ny_united_states,40.7687223,-73.982661
Tokyo,Japan,"Tokyo, Japan",tokyo_japan,35.6652065,139.726379
"Miami, FL",United States,"Miami, FL, United States",miami_fl_united_states,25.7651352,-80.185373
Westminster,England,"Westminster, England",westminster_england,51.5189,-0.1962
Berlin,Germany,"Berlin, Germany",berlin_germany,52.51667,13.38333
NA,NA,"NA , NA",na__na,14.65,120.95
Mexico City,Mexico,"Mexico City, Mexico",mexico_city_mexico,19.41944,-99.14556
Caracas,Venezuala,"Caracas, Venezuala",caracas_venezuala,10.5,-66.93333
Málaga,Spain,"Málaga, Spain",málaga_spain,36.721303,-4.421637
Saint-Nazaire,France,"Saint-Nazaire, France",saint_nazaire_france,47.273957,-2.232074
Darmstadt,Germany,"Darmstadt, Germany",darmstadt_germany,49.872775,8.651177
Frankfurt,Germany,"Frankfurt, Germany",frankfurt_germany,50.110644,8.682092
Beograd,Serbia,"Beograd, Serbia",beograd_serbia,44.817813,20.456897
Bucuresti,Romania,"Bucuresti, Romania",bucuresti_romania,44.436141,26.10272
Helsinki,Finland,"Helsinki, Finland",helsinki_finland,60.167488,24.942747
Rio de Janeiro,Brazil,"Rio de Janeiro, Brazil",rio_de_janeiro_brazil,-22.911,-43.2094
Castries,St. Lucia,"Castries, St. Lucia",castries_st._lucia,14.01667,-60.98333
Havana,Cuba,"Havana, Cuba",havana_cuba,23.101612,-82.321534
Nürnberg,Germany,"Nürnberg, Germany",nürnberg_germany,49.453872,11.077298
Homebush West,Australia,"Homebush West, Australia",homebush_west_australia,-33.868,151.071
Ontario,Canada,"Ontario, Canada",ontario_canada,49.4515637,-84.253981
"Chicago, IL",United States,"Chicago, IL, United States",chicago_il_united_states,41.875562,-87.624421
"Tulsa, OK",United States,"Tulsa, OK, United States",tulsa_ok_united_states,36.155681,-95.992911
"Boston, MA",United States,"Boston, MA, United States",boston_ma_united_states,42.360253,-71.058291
"Salt Lake City, UT",United States,"Salt Lake City, UT, United States",salt_lake_city_ut_united_states,40.75962,-111.8868
Berkeley,United States,"Berkeley, United States",berkeley_united_states,37.870839,-122.27286
Cambridge,England,"Cambridge, England",cambridge_england,52.216192,0.207034
Mona,Jamaica,"Mona, Jamaica",mona_jamaica,44.47547,-68.78295
Albuquerque,United States,"Albuquerque, United States",albuquerque_united_states,35.084103,-106.65099
Amherst,United States,"Amherst, United States",amherst_united_states,42.978392,-78.799762
Hanover,United States,"Hanover, United States",hanover_united_states,39.192885,-76.724137
San Juan,Puerto Rico,"San Juan, Puerto Rico",san_juan_puerto_rico,18.381676,-66.052529
Michigan,United States,"Michigan, United States",michigan_united_states,44.9337459,-84.52524
St. Augustine,Trinidad & Tobago,"St. Augustine, Trinidad & Tobago",st._augustine_trinidad_&_tobago,10.638541,-61.402303
Tulsa,United States,"Tulsa, United States",tulsa_united_states,36.155681,-95.992911
Bloomington,United States,"Bloomington, United States",bloomington_united_states,39.16704,-86.534288
Milan,Italy,"Milan, Italy",milan_italy,45.4668,9.1905
Basseterre,St. Kitts,"Basseterre, St. Kitts",basseterre_st._kitts,17.29833,-62.73417
Geneva,Switzerland,"Geneva, Switzerland",geneva_switzerland,46.2,6.15
Caracas,Venezuala,"Caracas, Venezuela",caracas_venezuela,10.5,-66.93333
Havana,Spain,"Havana, Spain",havana_spain,38.376736,-0.422112
Seville,Spain,"Seville, Spain",seville_spain,37.38863,-5.99534
Vedado,Cuba,"Vedado, Cuba",vedado_cuba,-0.47,100.54
Rosario,Argentina,"Rosario, Argentina",rosario_argentina,-32.95,-60.65
Bogotá,Columbia,"Bogotá, Columbia",bogotá_columbia,4.59889,-74.08083
Alexandria,Egypt,"Alexandria, Egypt",alexandria_egypt,31.2,29.91667
"Alexandria, VA",United States,"Alexandria, VA, United States",alexandria_va_united_states,38.80511,-77.047023
Sana Cruz,Trinidad & Tobago,"Sana Cruz, Trinidad & Tobago",sana_cruz_trinidad_&_tobago,10.714259,-61.476493
"Minneapolis, MN",United States,"Minneapolis, MN, United States",minneapolis_mn_united_states,44.9773,-93.265469
"Madison, WI",United States,"Madison, WI, United States",madison_wi_united_states,43.074761,-89.383761
Buenos Aires,Caracas,"Buenos Aires, Caracas",buenos_aires_caracas,10.488503,-66.912435
"Ann Arbor, MI",United States,"Ann Arbor, MI, United States",ann_arbor_mi_united_states,42.268157,-83.731229
Mysore,India,"Mysore, India",mysore_india,12.305183,76.655361
"Middletown, CT",United States,"Middletown, CT, United States",middletown_ct_united_states,41.562318,-72.650906
"Providence, RI",United States,"Providence, RI, United States",providence_ri_united_states,41.823989,-71.412834
Philipsburg,St. Martin,"Philipsburg, St. Martin",philipsburg_st._martin,46.195674,-1.356003
Cave Hill,Barbados,"Cave Hill , Barbados",cave_hill__barbados,13.334598,-59.613294
Ann Arbor,United States,"Ann Arbor, United States",ann_arbor_united_states,42.268157,-83.731229
Baltimore,United States,"Baltimore, United States",baltimore_united_states,39.290882,-76.610759
Norman,United States,"Norman, United States",norman_united_states,35.222572,-97.439482
Yorkshire,England,"Yorkshire, England",yorkshire_england,51.5133883,-0.0379756
Hudson,United States,"Hudson, United States",hudson_united_states,28.361771,-82.693285
Bremen,Germany,"Bremen, Germany",bremen_germany,53.07582,8.807165
Auckland,New Zealand,"Auckland, New Zealand",auckland_new_zealand,-36.85,174.78333
Harlow,England,"Harlow, England",harlow_england,51.767619,0.097489
Ealing,England,"Ealing, England",ealing_england,51.5139,-0.3031
Leuven,Belgium,"Leuven, Belgium",leuven_belgium,50.879202,4.701167
Plounéour-Ménez,France,"Plounéour-Ménez, France",plounéour_ménez_france,48.439236,-3.893769
Montreal,Canada,"Montreal, Canada",montreal_canada,45.497216,-73.610364
Cromer,England,"Cromer, England",cromer_england,52.931137,1.301276
Staten Island,United States,"Staten Island, United States",staten_island_united_states,40.583456,-74.149605
Springfield,United States,"Springfield, United States",springfield_united_states,37.216678,-93.292037
Lanham,United States,"Lanham, United States",lanham_united_states,38.967055,-76.861917
St. Clair,Trinidad & Tobago,"St. Clair, Trinidad & Tobago",st._clair_trinidad_&_tobago,10.668462,-61.522605
Leicester,England,"Leicester, England",leicester_england,52.583343,-1.1626783
Montréal,Canada,"Montréal, Canada",montréal_canada,45.497216,-73.610364
Kourou,French Guiana,"Kourou, French Guiana",kourou_french_guiana,5.15833,-52.64278
Montevideo,Uraguay,"Montevideo, Uruguay",montevideo_uruguay,-34.86694,-56.16667
Bogota,Colombia,"Bogota, Colombia",bogota_colombia,4.59889,-74.08083
NA,Spain,"NA, Spain",na_spain,35.1006811,74.8012123
São Paulo,Brazil,"São Paulo, Brazil",são_paulo_brazil,-23.5507,-46.6334
Esplugues de Llobregat,Spain,"Esplugues de Llobregat, Spain",esplugues_de_llobregat_spain,41.37768,2.089972
Zurich,Switzerland,"Zurich, Switzerland",zurich_switzerland,47.37861,8.54
Brussels,England,"Brussels, England",brussels_england,51.9256471,1.2642159
Georgetown,Guyana,"Georgetown, Guyana",georgetown_guyana,6.78333,-58.16667
Jannali,Australia,"Jannali, Australia",jannali_australia,-34.0169,151.065
Lafayette,United States,"Lafayette, United States",lafayette_united_states,30.22409,-92.019843
Spanish Town,Jamaica,"Spanish Town, Jamaica",spanish_town_jamaica,17.970324,-76.988861
Manchester,England,"Manchester, England",manchester_england,53.478265,-2.248272
Missoula,United States,"Missoula, United States",missoula_united_states,46.870105,-113.99527
Copenhagen,Denmark,"Copenhagen, Denmark",copenhagen_denmark,55.686724,12.570072
Bukarest,Romania,"Bukarest, Romania",bukarest_romania,44.436141,26.10272
"Springfield, MA",United States,"Springfield, MA, United States",springfield_ma_united_states,42.101876,-72.588673
"San Francisco, CA",United States,"San Francisco, CA, United States",san_francisco_ca_united_states,37.779026,-122.41991
Palermo,Italy,"Palermo, Italy",palermo_italy,38.111227,13.352443
Poitiers,France,"Poitiers, France",poitiers_france,46.58026,0.340196
Tres Cantos,Spain,"Tres Cantos, Spain",tres_cantos_spain,40.606583,-3.706533
Lutz,United States,"Lutz, United States",lutz_united_states,28.151124,-82.461483
Tafalla,Spain,"Tafalla, Spain",tafalla_spain,42.527828,-1.674482
Oxford,New Zealand,"Oxford, New Zealand",oxford_new_zealand,-43.297961,172.189728
NA,NA,"NA, NA",na_na,14.65,120.95
"Chapel Hill, NC",United States,"Chapel Hill, NC, United States",chapel_hill_nc_united_states,35.913154,-79.05578
Matoury,French Guiana,"Matoury, French Guiana",matoury_french_guiana,4.85056,-52.33111
"Oakland, CA",United States,"Oakland, CA, United States",oakland_ca_united_states,37.804456,-122.27136
Fort-de-France,Martinique,"Fort-de-France, Martinique",fort_de_france_martinique,14.60722,-61.06944
"Charlottesville, VA",United States,"Charlottesville, VA, United States",charlottesville_va_united_states,38.029306,-78.476678
Munich,Germany,"Munich, Germany",munich_germany,48.137108,11.575382
"Stanford, CA",United States,"Stanford, CA, United States",stanford_ca_united_states,37.427467,-122.17025
"Pasadena, CA",United States,"Pasadena, CA, United States",pasadena_ca_united_states,34.147645,-118.14448
"Durham, NC",England,"Durham, NC, England",durham_nc_england,54.788141,-1.54242
Port of Spain,Trinidad & Tobago,"Port of Spain, Trinidad & Tobago",port_of_spain_trinidad_&_tobago,10.660319,-61.511573
"Lincoln, NE",United States,"Lincoln, NE, United States",lincoln_ne_united_states,40.808886,-96.707775
Waterloo,Canada,"Waterloo, Canada",waterloo_canada,43.46527,-80.522296
"Urbana, IL",United States,"Urbana, IL, United States",urbana_il_united_states,40.111717,-88.207301
Leeds,United States,"Leeds, United States",leeds_united_states,33.543921,-86.542755
"Somerville, MA",United States,"Somerville, MA, United States",somerville_ma_united_states,42.387597,-71.099497
Vigo,Spain,"Vigo, Spain",vigo_spain,42.23766,-8.724721
"Tallahassee, FL",United States,"Tallahassee, FL, United States",tallahassee_fl_united_states,30.438083,-84.280933
Carlton,Australia,"Carlton, Australia",carlton_australia,-37.8001,144.967
Markham,Canada,"Markham, Canada",markham_canada,43.856371,-79.337682
Don Mills,Canada,"Don Mills, Canada",don_mills_canada,43.7372,-79.3433
Dublin,Ireland,"Dublin, Ireland",dublin_ireland,53.349765,-6.260273
"New York, NY",United States,"New York, NY , United States",new_york_ny__united_states,40.7687223,-73.982661
Ashland,United States,"Ashland, United States",ashland_united_states,38.478414,-82.637939
Wildey,Barbados,"Wildey, Barbados",wildey_barbados,-19.5248,-40.5824
Pictou,Canada,"Pictou, Canada",pictou_canada,45.67772,-62.708221
Pointe-À-Pitre,Guadeloupe,"Pointe-À-Pitre, Guadeloupe",pointe_à_pitre_guadeloupe,16.24111,-61.53306
La Vergne,United States,"La Vergne, United States",la_vergne_united_states,36.015618,-86.581939
Charlottesville,United States,"Charlottesville, United States",charlottesville_united_states,38.029306,-78.476678
Eastbourne,England,"Eastbourne, England",eastbourne_england,50.78207,0.285661
Haarlem,Netherlands,"Haarlem, Netherlands",haarlem_netherlands,52.388532,4.638805
Amsterdam,Netherlands,"Amsterdam, Netherlands",amsterdam_netherlands,52.37276,4.893604
Manhattan,United States,"Manhattan, United States",manhattan_united_states,40.789624,-73.959894
Basse-Terre,Guadeloupe,"Basse-Terre, Guadeloupe",basse_terre_guadeloupe,15.99694,-61.73278
"Boulder, CO",United States,"Boulder, CO, United States",boulder_co_united_states,40.014986,-105.27055
Köln,Germany,"Köln, Germany",köln_germany,50.938361,6.959974
Berlin Verl,Germany,"Berlin Verl, Germany",berlin_verl_germany,52.5732561,13.5010169
Roma,Italy,"Roma, Italy",roma_italy,41.89332,12.482932
Oslo,Norway,"Oslo, Norway",oslo_norway,59.91111,10.75278
München,Germany,"München, Germany",münchen_germany,48.137108,11.575382
Murska Sobota,Slovenia,"Murska Sobota, Slovenia",murska_sobota_slovenia,46.658,16.1651
Helsingissä Hki,Finland,"Helsingissä Hki, Finland",helsingissä_hki_finland,48.856646,-93.91535
Penhook,United States,"Penhook, United States",penhook_united_states,36.982366,-79.628085
Messina,Italy,"Messina, Italy",messina_italy,38.193757,15.554208
"Seattle, WA",United States,"Seattle, WA, United States",seattle_wa_united_states,47.603832,-122.33006
Sebastopol,United States,"Sebastopol, United States",sebastopol_united_states,38.402113,-122.82427
Leiden,Netherlands,"Leiden, The Netherlands",leiden_the_netherlands,52.159475,4.490884
Speightstown,Barbados,"Speightstown, Barbados",speightstown_barbados,13.25444,-59.64083
Chicago,United States,"Chicago, United States",chicago_united_states,41.875562,-87.624421
Delaware,United States,"Delaware, United States",delaware_united_states,38.9978782,-75.505563
Amsterdam,Neverlands,"Amsterdam, Neverlands",amsterdam_neverlands,52.363911,4.908059
Düsseldorf,Germany,"Düsseldorf, Germany",düsseldorf_germany,51.225402,6.776314
Casale Monferrato,Italy,"Casale Monferrato, Italy",casale_monferrato_italy,45.136266,8.449813
Holon,Israel,"Holon, Israel",holon_israel,32.01667,34.76667
Budapest,Hungary,"Budapest, Hungary",budapest_hungary,47.49833,19.04083
Stockholm,Sweden,"Stockholm, Sweden",stockholm_sweden,59.325117,18.071093
Jyväskylä,Finland,"Jyväskylä, Finland",jyväskylä_finland,62.2393,25.745951
Tel Aviv,Israel,"Tel Aviv, Israel",tel_aviv_israel,32.088545,34.78254
Newark,United States,"Newark, United States",newark_united_states,40.735657,-74.172367
Diego Martin,Trinidad & Tobago,"Diego Martin, Trinidad & Tobago",diego_martin_trinidad_&_tobago,10.687866,-61.615387
"Portland, OR",United States,"Portland, OR, United States",portland_or_united_states,45.520247,-122.6742
Portland,United States,"Portland, United States",portland_united_states,45.520247,-122.6742
Lexington,United States,"Lexington, United States",lexington_united_states,38.046407,-84.497039
Schleswig-Holstein,Germany,"Schleswig-Holstein, Germany",schleswig_holstein_germany,54.47004,9.51416
"Los Angeles, CA",United States,"Los Angeles, CA, United States",los_angeles_ca_united_states,34.053691,-118.24277
Habana,Cuba,"Habana, Cuba",habana_cuba,35.059289,-78.973537
Simsbury,United States,"Simsbury, United States",simsbury_united_states,41.875915,-72.801221
Fort-de France,Martinique,"Fort-de France, Marinique",fort_de_france_marinique,14.60722,-61.06944
Montréal,Canada,"Montréal, Canada",montréal_canada,45.497216,-73.610364
Nendeln,Liechtenstein,"Nendeln, Liechtenstein",nendeln_liechtenstein,48.222271,16.3598855
Montevideo,Uraguay,"Montevideo, Uraguay",montevideo_uraguay,-34.888455,-56.074116
Cambridge,United States,"Cambridge, United States",cambridge_united_states,42.3751,-71.105616
Le Lamentin,Martinique,"Le Lamentin, Martinique",le_lamentin_martinique,14.61528,-61.00194
Glasglow,Scotland,"Glasglow, Scotland",glasglow_scotland,55.860983,-4.248879
Peterborough,Canada,"Peterborough, Canada",peterborough_canada,44.304801,-78.31995
Lewiston,United States,"Lewiston, United States",lewiston_united_states,44.100351,-70.214776
Roseau,Dominica,"Roseau, Dominica",roseau_dominica,15.2984622,-61.387505
"Long Grove, IL",United States,"Long Grove, IL, United States",long_grove_il_united_states,42.178358,-87.997852
Halifax,Canada,"Halifax, Canada",halifax_canada,44.63895,-63.566013
Hamilton,Bermuda,"Hamilton, Bermuda",hamilton_bermuda,32.301136,-64.793053
Ohio,United States,"Ohio, United States",ohio_united_states,40.4174201,-82.711449
Cardiff,Wales,"Cardiff, Wales",cardiff_wales,51.481655,-3.179193
Scotts Valley,United States,"Scotts Valley, United States",scotts_valley_united_states,37.05106,-122.01468
"Atlanta, GA",United States,"Atlanta, GA, United States",atlanta_ga_united_states,33.748992,-84.390264
Burton,United States,"Burton, United States",burton_united_states,42.989733,-83.633503
Santiago,Cuba,"Santiago, Cuba",santiago_cuba,-33.440693,-70.646055
Matanzas,Cuba,"Matanzas, Cuba",matanzas_cuba,23.0511,-81.5753
Honfleur,Frane,"Honfleur, Frane",honfleur_frane,49.419722,0.233889
Aarhus,Denmark,"Aarhus, Denmark",aarhus_denmark,56.149628,10.213405
Leatherhead,England,"Leatherhead, England",leatherhead_england,51.295504,-0.329369
Liverpool,England,"Liverpool, England",liverpool_england,53.407199,-2.99168
"Vancouver, BC",Canada,"Vancouver, BC, Canada",vancouver_bc_canada,49.279862,-123.11684
La Roque-d'Anthéron,France,"La Roque-d'Anthéron, France",la_roque_d'anthéron_france,43.715096,5.312221
"Cleveland, OH",United States,"Cleveland, OH, United States",cleveland_oh_united_states,41.505161,-81.693445
Rijswijk,Netherlands,"Rijswijk, Netherlands",rijswijk_netherlands,52.044627,4.318821
McHenry,United States,"McHenry, United States",mchenry_united_states,42.343143,-88.267488
Bethesda,United States,"Bethesda, United States",bethesda_united_states,38.984827,-77.094646
"Greenville, SC",United States,"Greenville, SC, United States",greenville_sc_united_states,34.851354,-82.398488
Matoury,Guyana,"Matoury, Guyana",matoury_guyana,4.85056,-52.33111
"Holiday, FL",United States,"Holiday, FL, United States",holiday_fl_united_states,28.18779,-82.739545
Pinar del Río,Cuba,"Pinar del Río, Cuba",pinar_del_río_cuba,23.141907,-82.374474
Guayaquil,Ecuador,"Guayaquil, Ecuador",guayaquil_ecuador,-2.18333,-79.88333
Holguín,Cuba,"Holguín, Cuba",holguín_cuba,20.64,-74.9175
Ciego de Ávila,Cuba,"Ciego de Ávila, Cuba",ciego_de_ávila_cuba,21.8481,-78.7631
Leiden,Netherlands,"Leiden, Netherlands",leiden_netherlands,52.159475,4.490884
Puebla,Mexico,"Puebla, Mexico",puebla_mexico,19.05139,-98.21778
Camaguey,Cuba,"Camaguey, Cuba",camaguey_cuba,21.37861,-77.91861
Paraná,Brazil,"Paraná, Brazil",paraná_brazil,-24.431337,-51.631761
Oxfordshire,England,"Oxfordshire, England",oxfordshire_england,51.8333,-1.25
Guilin,China,"Guilin, China",guilin_china,25.26667,110.28333
Willimantic,United States,"Willimantic, United States",willimantic_united_states,41.713125,-72.217885
Port of Spain,Trinidad & Tobago,"Port of Spain, Trinidad and Tobago",port_of_spain_trinidad_and_tobago,10.66667,-61.51667
Basingstoke,England,"Basingstoke, England",basingstoke_england,51.262826,-1.086198
Göttingen,Germany,"Göttingen, Germany",göttingen_germany,51.532833,9.935181
Charles Village,United States,"Charles Village, United States",charles_village_united_states,39.321683,-76.616785
"Baltimore, MD",United States,"Baltimore, MD, United States",baltimore_md_united_states,39.290882,-76.610759
"San Antonio, TX",United States,"San Antonio, TX, United States",san_antonio_tx_united_states,29.4246,-98.495141
Surrey,England,"Surrey, England",surrey_england,51.25,-0.3333
Woodbridge,United States,"Woodbridge, United States",woodbridge_united_states,38.658172,-77.249705
Jupiter,United States,"Jupiter, United States",jupiter_united_states,26.934225,-80.094209
Austin,United States,"Austin, United States",austin_united_states,30.271129,-97.7437
"Coconut Creek, FL",United States,"Coconut Creek, FL, United States",coconut_creek_fl_united_states,26.251748,-80.178935
,,",",,N/A,N/A
Basseterre,St. Kitts,"Basseterre, St.Kitts",basseterre_st.kitts,17.29833,-62.73417
Largo,United States,"Largo, United States",largo_united_states,27.909467,-82.787324
"Fairfax, VA",United States,"Fairfax, VA, United States",fairfax_va_united_states,38.846224,-77.306373
Basseterre,St. Kitts,"Basseterre, St. Kitts & Nevis",basseterre_st._kitts_&_nevis,17.29833,-62.73417
San Juan,Trinidad & Tobago,"San Juan, Trinidad & Tobago",san_juan_trinidad_&_tobago,10.645622,-61.460494
The Morne,St. Lucia,"The Morne, St. Lucia",the_morne_st._lucia,51.949921,11.556901
"Evanston, IL",United States,"Evanston, IL, United States",evanston_il_united_states,42.044739,-87.693046
Melbourne,Australia,"Melbourne, Australia",melbourne_australia,-37.8142,144.9632
San Fernando,Trinidad & Tobago,"San Fernando, Trinidad & Tobago",san_fernando_trinidad_&_tobago,10.280098,-61.454059
The Morme,St. Lucia,"The Morme, St. Lucia",the_morme_st._lucia,27.911547,-15.54052
Portsmouth,Dominica,"Portsmouth, Dominica",portsmouth_dominica,50.810279,-1.059345
Jackson,United States,"Jackson, United States",jackson_united_states,42.246504,-84.401696
Walton-on-Thames,England,"Walton-on-Thames, England",walton_on_thames_england,51.385684,-0.419814
Oakland,United States,"Oakland, United States",oakland_united_states,37.804456,-122.27136
Old Saybrook,United States,"Old Saybrook, United States",old_saybrook_united_states,41.291765,-72.376196
Modena,Italy,"Modena, Italy",modena_italy,44.645889,10.925571
Burbank,United States,"Burbank, United States",burbank_united_states,34.181648,-118.32586
Carshalton,England,"Carshalton, England",carshalton_england,51.365788,-0.161086
Bridgend,Wales,"Bridgend, Wales",bridgend_wales,51.504984,-3.575667
Chengdu,China,"Chengdu, China",chengdu_china,30.66361,104.06667
"Thousand Oaks, CA",United States,"Thousand Oaks, CA, United States",thousand_oaks_ca_united_states,34.170561,-118.83759
"Houston, TX",United States,"Houston, TX, United States",houston_tx_united_states,29.758938,-95.367697
Crows Nest,Australia,"Crows Nest, Australia",crows_nest_australia,-33.8261,151.205
Carlsbad,United States,"Carlsbad, United States",carlsbad_united_states,33.158093,-117.3506
Tunapuna,Trinidad & Tonbago,"Tunapuna, Trinidad & Tonbago",tunapuna_trinidad_&_tonbago,10.591053,-61.343728
Parker,United States,"Parker, United States",parker_united_states,39.518451,-104.76126
Portsmouth,United States,"Portsmouth, United States",portsmouth_united_states,36.84442,-76.3533
"Duluth, MN",United States,"Duluth, MN, United States",duluth_mn_united_states,46.772932,-92.125122
Wilmore,United States,"Wilmore, United States",wilmore_united_states,37.864041,-84.660199
D'Abadie,Trinidad & Tobago,"D'Abadie, Trinidad & Tobago",d'abadie_trinidad_&_tobago,10.687866,-61.615387
Peterborough,England,"Peterborough, England",peterborough_england,52.572577,-0.242734
Tunapuna,Trinidad & Tobago,"Tunapuna, Trinidad & Tobago",tunapuna_trinidad_&_tobago,10.591053,-61.343728
D'Abadie,Trindad & Tobago,"D'Abadie, Trindad & Tobago",d'abadie_trindad_&_tobago,10.687866,-61.615387
Northhampton,England,"Northhampton , England",northhampton__england,52.240889,-0.887137
"Westminster, LDN",England,"Westminster, LDN, England",westminster_ldn_england,52.7684313,-0.3867413
NA,France,"NA, France",na_france,39.470182,-0.375573
Pretoria,South Africa,"Pretoria, South Africa",pretoria_south_africa,-25.7484,28.154
"Philadelphia, PA",United States,"Philadelphia, PA, United States",philadelphia_pa_united_states,39.952724,-75.163526
"Clarion, PA",United States,"Clarion, PA, United States",clarion_pa_united_states,41.214898,-79.385705
"Lehigh Acres, FL",United States,"Lehigh Acres, FL, United States",lehigh_acres_fl_united_states,26.609151,-81.652407
"Kansas City, MO",United States,"Kansas City, MO, United States",kansas_city_mo_united_states,39.100105,-94.578142
Osnabrück,Germany,"Osnabrück, Germany",osnabrück_germany,52.27196,8.047635
"Medway, MA",United States,"Medway, MA, United States",medway_ma_united_states,42.141764,-71.396726
"Scott's Valley, CA",United States,"Scott's Valley, CA, United States",scott's_valley_ca_united_states,37.05106,-122.01468
Harmondsworth,England,"Harmondsworth, England",harmondsworth_england,51.4962091,-0.4688757
Concord,Canada,"Concord, Canada",concord_canada,43.802557,-79.472085
"Caernarfon ([Penygroes, Caernarfon, Gwynedd])",,"Caernarfon ([Penygroes, Caernarfon, Gwynedd]),",caernarfon_([penygroes_caernarfon_gwynedd]),53.143912,-4.275035
"Portsmouth, NH",England,"Portsmouth, NH, England",portsmouth_nh_england,43.03984,-70.776282
Brisbane,Australia,"Brisbane, Australia",brisbane_australia,-27.469,153.0235
"Rochester, NY",United States,"Rochester, NY, United States",rochester_ny_united_states,43.157285,-77.615214
"Warners Bay, N.S.W.",,"Warners Bay, N.S.W.,",warners_bay_n.s.w.,-32.965102,151.655241
"Aldershot, Hants, England; Burlington, VT",,"Aldershot, Hants, England; Burlington, VT,",aldershot_hants_england;_burlington_vt,N/A,N/A
Saarbrücken,Germany,"Saarbrücken, Germany",saarbrücken_germany,49.234362,6.996379
Il-Blata l-Bajda,Malta,"Il-Blata l-Bajda, Malta",il_blata_l_bajda_malta,41.929221,-88.862314
Place of publication not identified,,"Place of publication not identified,",place_of_publication_not_identified,18.848739,-97.091195
"Warners Bay, N.S.W.",Canada,"Warners Bay, N.S.W., Canada",warners_bay_n.s.w._canada,51.048898,-127.1
"Markham, ON",Canada,"Markham, ON, Canada",markham_on_canada,43.856371,-79.337682
Aylesbury,England,"Aylesbury, England",aylesbury_england,51.816141,-0.813038
"Concord, ON",Canada,"Concord, ON, Canada",concord_on_canada,43.802557,-79.472085
"Salt Lake City, Utah",United States,"Salt Lake City, Utah, United States",salt_lake_city_utah_united_states,40.75962,-111.8868
Swansea,Wales,"Swansea, Wales",swansea_wales,51.619596,-3.945925
Canberra,Australia,"Canberra, Australia",canberra_australia,-35.2819,149.1289
"Mahwah, NJ",United States,"Mahwah, NJ, United States",mahwah_nj_united_states,41.088707,-74.143755
"Bothell, WA",United States,"Bothell, WA, United States",bothell_wa_united_states,47.75987,-122.20683
"Buckinghamshire, LDN",England,"Buckinghamshire, LDN, England",buckinghamshire_ldn_england,51.75,-0.75
"San Diego, CA",United States,"San Diego, CA, United States",san_diego_ca_united_states,32.71742,-117.16277
NA,Australia,"NA, Australia",na_australia,41.4417024,2.22234219
"Morrisville, NC",United States,"Morrisville, NC, United States",morrisville_nc_united_states,35.824341,-78.830032
Oxfordhsire,England,"Oxfordhsire, England",oxfordhsire_england,51.8333,-1.25
"Hoboken, NJ",United States,"Hoboken, NJ, United States",hoboken_nj_united_states,40.743307,-74.032375
Sydney,Australia,"Sydney, Australia",sydney_australia,-33.868,151.21
"Clairton, PA",United States,"Clairton, PA, United States",clairton_pa_united_states,40.292294,-79.881718
"Carlton; London; New York, NY",,"Carlton; London; New York, NY,",carlton;_london;_new_york_ny,N/A,N/A
"Red Bank, NJ",United States,"Red Bank, NJ, United States",red_bank_nj_united_states,40.347054,-74.064307
Aberystwyth,Wales,"Aberystwyth, Wales",aberystwyth_wales,52.414311,-4.081685
Carmarthen,Wales,"Carmarthen, Wales",carmarthen_wales,51.859126,-4.311591
Cwmafon,Wales,"Cwmafon, Wales",cwmafon_wales,51.619,-3.7508
Merthyr-Tydfil,Wales,"Merthyr-Tydfil, Wales",merthyr_tydfil_wales,51.749062,-3.378618
Penygroes,Wales,"Penygroes, Wales",penygroes_wales,51.8,-4.06
Machynlleth,Wales,"Machynlleth, Wales",machynlleth_wales,52.590575,-3.851725
Solva,Wales,"Solva, Wales",solva_wales,51.8744,-5.1889
Dolgellau,Wales,"Dolgellau, Wales",dolgellau_wales,52.742712,-3.885629
Troedyrhiw,Wales,"Troedyrhiw, Wales",troedyrhiw_wales,51.7125,-3.3466
Caernarvon,Wales,"Caernarvon, Wales",caernarvon_wales,53.139436,-4.276975
Saint Asaph,Wales,"Saint Asaph, Wales",saint_asaph_wales,53.257561,-3.443861
Caernarfon,Wales,"Caernarfon, Wales",caernarfon_wales,53.139436,-4.276975
Llandysul,Wales,"Llandysul, Wales",llandysul_wales,52.042786,-4.311766
"Woodstock, N.Y.",United States,"Woodstock, N.Y., United States",woodstock_n.y._united_states,40.741801,-74.007492
Bristol,England,"Bristol, England",bristol_england,51.453802,-2.597299
Logan,United States,"Logan, United States",logan_united_states,41.731345,-111.83486
"Tucson, AZ",United States,"Tucson, AZ, United States",tucson_az_united_states,32.222877,-110.97485
Wrexham,Wales,"Wrexham, Wales",wrexham_wales,53.046508,-2.993787
Ross-on-Wye,England,"Ross-on-Wye, England",ross_on_wye_england,51.91408,-2.583836
"Freeport, N.Y.",United States,"Freeport, N.Y., United States",freeport_n.y._united_states,40.657607,-73.583583
"Bloomington, IND",United States,"Bloomington, IND, United States",bloomington_ind_united_states,44.803048,-93.372049
"Broadway, NY",United States,"Broadway, NY, United States",broadway_ny_united_states,40.764031,-73.982449
NA,Trinidad & Tobago,"NA, Trinidad & Tobago",na_trinidad_&_tobago,40.5043206,-3.3841152
"Greenville, N.C.",United States,"Greenville, N.C., United States",greenville_n.c._united_states,35.613224,-77.372459
"Crawley, SX",England,"Crawley, SX, England",crawley_sx_england,50.8011695,0.2729694
Houten,Netherlands,"Houten, Netherlands",houten_netherlands,52.027123,5.161824
NA,England,"NA, England",na_england,38.12866,-88.776255
"Washington, D.C",United States,"Washington, D.C, United States",washington_d.c_united_states,38.895037,-77.036543
Hki,Finland,"Hki, Finland",hki_finland,48.856646,-93.91535
Stuttgart,Germany,"Stuttgart, Germany",stuttgart_germany,48.778449,9.180013
Zürich,Switzerland,"Zürich, Switzerland",zürich_switzerland,47.37861,8.54
NA,Germany,"NA, Germany",na_germany,34.914085,-83.42151
Novara,Italy,"Novara, Italy",novara_italy,45.446404,8.619655
Zurich,Switzerland,"Zurich, Switserland",zurich_switserland,47.37861,8.54
"Northampton, MA",United States,"Northampton, MA, United States",northampton_ma_united_states,42.317899,-72.631101
"Ashland, OR",United States,"Ashland, OR, United States",ashland_or_united_states,42.197249,-122.7154
Milano,Italy,"Milano, Italy",milano_italy,45.4668,9.1905
"Nashville, TN",United States,"Nashville, TN, United States",nashville_tn_united_states,36.162277,-86.774298
"Gainesville, FL",United States,"Gainesville, FL, United States",gainesville_fl_united_states,29.651968,-82.324985
Leeeds,England,"Leeeds, England",leeeds_england,53.797419,-1.543794
"Toronto, ON",Canada,"Toronto, ON, Canada",toronto_on_canada,43.653482,-79.383935
"University of Miami, MIA",United States,"University of Miami, MIA, United States",university_of_miami_mia_united_states,25.7204805,-80.278451
"Chapel Hill,NC",United States,"Chapel Hill,NC, United States",chapel_hillnc_united_states,35.913154,-79.05578
"Nassau, Bahamas",Bahamas,"Nassau, Bahamas, Bahamas",nassau_bahamas_bahamas,25.002757,-77.514749
Toronto,,"Toronto,",toronto,43.653482,-79.383935
Paris,,"Paris,",paris,48.85658,2.35183
Edmonton,,"Edmonton,",edmonton,53.535411,-113.508
Montréal,,"Montréal,",montréal,45.497216,-73.610364
"Harlow, Essex",,"Harlow, Essex,",harlow_essex,51.767619,0.097489
S.l.,,"S.l.,",s.l.,3.33333,101.5
London,England,"London , England",london__england,51.515618,-0.091998
Philipsburg,St. Maarten,"Philipsburg, St. Maarten",philipsburg_st._maarten,51.8547759,12.0396978
"Habana, Cuba",,"Habana, Cuba,",habana_cuba,25.912118,-80.331224
Edingurgh,,"Edingurgh,",edingurgh,51.55165,0.6368211
Paramaribo,,"Paramaribo,",paramaribo,5.86667,-55.16667
La Habana,,"La Habana,",la_habana,18.92027,-99.206979
London,,"London,",london,51.515618,-0.091998
"Cascade, Port of Spain, Trinidad & Tobago",,"Cascade, Port of Spain, Trinidad & Tobago,",cascade_port_of_spain_trinidad_&_tobago,10.660319,-61.511573
"New York, NY City",United States,"New York, NY City, United States",new_york_ny_city_united_states,40.692183,-73.991242
Boston,,"Boston,",boston,42.360253,-71.058291
"Castries, Saint Lucia",,"Castries, Saint Lucia,",castries_saint_lucia,14.01667,-60.98333
Tubingen,Germany,"Tubingen, Germany",tubingen_germany,48.523616,9.053553
Kingston,,"Kingston,",kingston,53.743572,-0.339476
"Miami, FL, FL, USA",,"Miami, FL, FL, USA,",miami_fl_fl_usa,25.7204805,-80.278451
Vaduz,,"Vaduz,",vaduz,47.13972,9.52194
Barcelona,,"Barcelona,",barcelona,41.382894,2.177432
México,,"México,",méxico,23.9504642,-102.53287
Santiago de Chile,,"Santiago de Chile,",santiago_de_chile,48.755496,9.172667
"México, D.F.",,"México, D.F.,",méxico_d.f.,19.434599,-99.211914
Montevideo,,"Montevideo,",montevideo,-34.86694,-56.16667
Madrid,,"Madrid,",madrid,40.416705,-3.703583
Frankfurt,,"Frankfurt,",frankfurt,50.110644,8.682092
"Madrid : Cátedra, 1980",,"Madrid : Cátedra, 1980,",madrid_:_cátedra_1980,-33.43877,-70.664352
"México, D.F",,"México, D.F,",méxico_d.f,19.434599,-99.211914
"Mexico City, MEX",United States,"Mexico City, MEX, United States",mexico_city_mex_united_states,19.426428,-99.167403
"Westport, CT",United States,"Westport, CT, United States",westport_ct_united_states,41.141486,-73.357896
"Leeds, NYK",England,"Leeds, NYK, England",leeds_nyk_england,33.547895,-86.557145
"Galisteo, CAR",Spain,"Galisteo, CAR, Spain",galisteo_car_spain,41.39063,2.161891
Castries,Cuba,"Castries, Cuba",castries_cuba,-23.8858,-46.4242
"Haarlem, NH",Netherlands,"Haarlem, NH, Netherlands",haarlem_nh_netherlands,52.4227155,4.6492415
"Harlow, Essex",England,"Harlow, Essex, England",harlow_essex_england,51.767619,0.097489
"San Juan, PR",United States,"San Juan, PR, United States",san_juan_pr_united_states,18.4608896,-66.116706
"Washington, D.C.",United States,"Washington, D.C., United States",washington_d.c._united_states,38.895037,-77.036543
"Paris, IDF",France,"Paris, IDF, France",paris_idf_france,48.87555,2.295
"Bornheim, NW",Germany,"Bornheim, NW, Germany",bornheim_nw_germany,50.762791,6.989051
"Sassari, SAR",Italy,"Sassari, SAR, Italy",sassari_sar_italy,40.723264,8.561007
"Tokyo, Kantō",Japan,"Tokyo, Kantō, Japan",tokyo_kantō_japan,35.6652065,139.726379
"Lake County, IL",United States,"Lake County, IL, United States",lake_county_il_united_states,42.323656,-88.015061
NSH,United States,"NSH, United States",nsh_united_states,39.8126,-74.96801
"Kirklees, YSW",England,"Kirklees, YSW, England",kirklees_ysw_england,52.602052,1.2800194
"Liverpool, MSY",England,"Liverpool, MSY, England",liverpool_msy_england,53.407199,-2.99168
,Trinidad & Tobago,", Trinidad and Tobago",_trinidad_and_tobago,10.468643,-61.253176
"Montréal, QC",Canada,"Montréal, QC, Canada",montréal_qc_canada,45.497216,-73.610364
"St. Augustine, TT-TUP",Trinidad & Tobago,"St. Augustine, TT-TUP, Trinidad and Tobago",st._augustine_tt_tup_trinidad_and_tobago,10.638541,-61.402303
"Port of Spain, SJL",Trinidad & Tobago,"Port of Spain, SJL, Trinidad and Tobago",port_of_spain_sjl_trinidad_and_tobago,10.66667,-61.51667
"Lanham, MD",United States,"Lanham, MD, United States",lanham_md_united_states,38.967055,-76.861917
"Madrid, SF",United States,"Madrid, SF, United States",madrid_sf_united_states,42.1015529,-71.054389
"Valencia, V",Spain,"Valencia, V, Spain",valencia_v_spain,39.469707,-0.376335
"Detroit, MICH",United States,"Detroit, MICH, United States",detroit_mich_united_states,42.331551,-83.04664
"Oxford, Oxon",England,"Oxford, Oxon, England",oxford_oxon_england,51.7516998,-1.2494127
"Paris, IDF",England,"Paris, IDF, England",paris_idf_england,53.5638684,-1.7639675
"Pittsburgh, PA",United States,"Pittsburgh, PA, United States",pittsburgh_pa_united_states,40.441694,-79.990086
"New York, NY,",United States,"New York, NY, , United States",new_york_ny__united_states,40.7687223,-73.982661
"Old Westbury, N.Y",United States,"Old Westbury, N.Y, United States",old_westbury_n.y_united_states,40.788711,-73.599572
"Columbia, MO",United States,"Columbia, MO, United States",columbia_mo_united_states,38.951883,-92.333737
"Eastford, CT",United States,"Eastford, CT, United States",eastford_ct_united_states,41.902068,-72.07991
"Mineola, N.Y",United States,"Mineola, N.Y, United States",mineola_n.y_united_states,40.749268,-73.640685
"Victoria, BC",Canada,"Victoria, BC, Canada",victoria_bc_canada,48.428318,-123.36495
"Fontabelle, BB-08",Barbados,"Fontabelle, BB-08, Barbados",fontabelle_bb_08_barbados,13.083351,-59.602298
"Winston-Salem, NC",United States,"Winston-Salem, NC, United States",winston_salem_nc_united_states,36.099813,-80.244052
"New Haven, LDN",England,"New Haven, LDN, England",new_haven_ldn_england,41.33934,-72.979703
Petit-Bourg,Guadeloupe,"Petit-Bourg, Guadeloupe",petit_bourg_guadeloupe,16.19139,-61.59028
"Berkeley, CA",United States,"Berkeley, CA, United States",berkeley_ca_united_states,37.870839,-122.27286
Rome,Italy,"Rome, Italy",rome_italy,41.89332,12.482932
"Chatham, NJ",United States,"Chatham, NJ, United States",chatham_nj_united_states,40.740924,-74.383671
Moskva,Russia,"Moskva, Russia",moskva_russia,55.169928,61.391955
Nassau,Bahamas,"Nassau, Bahamas",nassau_bahamas,25.002757,-77.514749
Edinburgh,Scotland,"Edinburgh, Scotland",edinburgh_scotland,55.927625,-3.233537
Quezon City,Philippines,"Quezon City, Philippines",quezon_city_philippines,14.63333,121.03333
"Concord, MA",United States,"Concord, MA, United States",concord_ma_united_states,42.460519,-71.348896
"Garden City, NY",United States,"Garden City, NY, United States",garden_city_ny_united_states,40.726648,-73.634305
"Bath, SOM",England,"Bath, SOM, England",bath_som_england,51.384167,-2.360052
"Tempe, AZ",United States,"Tempe, AZ, United States",tempe_az_united_states,33.425506,-111.94001
"Toronto, ONT",Canada,"Toronto, ONT, Canada",toronto_ont_canada,43.653482,-79.383935
"Aylesbury, Bucks",England,"Aylesbury, Bucks, England",aylesbury_bucks_england,51.816141,-0.813038
NA,Barbados,"NA, Barbados",na_barbados,38.5790643,-0.1328153
La Habana,Cuba,"La Habana, Cuba",la_habana_cuba,23.101612,-82.321534
Port-of-Spain,Trinidad & Tobago,"Port-of-Spain, Trinidad & Tobago",port_of_spain_trinidad_&_tobago,10.660319,-61.511573
"Markham, ONT",Canada,"Markham, ONT, Canada",markham_ont_canada,43.856371,-79.337682
"Franklin Center, PA",United States,"Franklin Center, PA, United States",franklin_center_pa_united_states,39.846872,-75.710775
Hamburg,Germany,"Hamburg, Germany",hamburg_germany,53.55,10
Köln,Germany,"Köln, Germany",köln_germany,50.938361,6.959974
Tel-Aviv,Israel,"Tel-Aviv, Israel",tel_aviv_israel,32.088545,34.78254
Seoul,South Korea,"Seoul, South Korea",seoul_south_korea,37.58333,127
Tehran,Iran,"Tehran, Iran",tehran_iran,35.696,51.401
Warszawa,Poland,"Warszawa, Poland",warszawa_poland,53.982974,17.3995105
NA,Mexico,"NA, Mexico",na_mexico,21.882316,-104.8672
Stockholm,Sweden,"Stockholm, Sweeden",stockholm_sweeden,59.124551,18.1091685
Kyoto,Japan,"Kyoto, Japan",kyoto_japan,35.02167,135.75561
"Helsingissä, Hki",Finland,"Helsingissä, Hki, Finland",helsingissä_hki_finland,48.856646,-93.91535
Tōkyō,Japan,"Tōkyō, Japan",tōkyō_japan,35.6652065,139.726379
"Harmondsworth, LDN",England,"Harmondsworth, LDN, England",harmondsworth_ldn_england,51.4893348,-0.466414
Shīrāz,Iran,"Shīrāz, Iran",shīrāz_iran,29.6,52.51667
Tallinn,Estonia,"Tallinn, Estonia",tallinn_estonia,59.437216,24.745369
Höganäs,Höganäs,"Höganäs, Höganäs",höganäs_höganäs,56.206501,12.555932
Istanbul,Turkey,"Istanbul, Turkey",istanbul_turkey,41.01,28.96028
Gornji Milanovac,Serbia,"Gornji Milanovac, Serbia",gornji_milanovac_serbia,44.024316,20.460038
"Cheyenne, WY",United States,"Cheyenne, WY, United States",cheyenne_wy_united_states,41.139981,-104.82025
Dijon,France,"Dijon, France",dijon_france,47.321581,5.04147
"Sãu Paulo, SP",Brazil,"Sãu Paulo, SP, Brazil",sãu_paulo_sp_brazil,-23.626476,-46.680737
Harmondsworth,,"Harmondsworth,",harmondsworth,51.488385,-0.478644
Mexico,,"Mexico,",mexico,23.9504642,-102.53287
Milano,,"Milano,",milano,45.4668,9.1905
Harlow,,"Harlow,",harlow,51.767619,0.097489
Leeds,,"Leeds,",leeds,53.797419,-1.543794
"London ; Roseau, Dominica",,"London ; Roseau, Dominica,",london_;_roseau_dominica,N/A,N/A
,French Guiana,", Guyane",_guyane,-33.043956,-71.648443
"Trenton, N.J.; Edmonton, Alta., Canada",,"Trenton, N.J.; Edmonton, Alta., Canada,",trenton_n.j.;_edmonton_alta._canada,N/A,N/A
Antigua,,"Antigua,",antigua,17.1179342,-61.843877
St. John's? Antigua; London,,"St. John's? Antigua; London,",st._john's?_antigua;_london,N/A,N/A
"La Habana, Cuba",,"La Habana, Cuba,",la_habana_cuba,23.101612,-82.321534
S.I.,,"S.I.,",s.i.,33.47922,117.88003
"Emeryville, CA; [Berkeley, Calif.",,"Emeryville, CA; [Berkeley, Calif.,",emeryville_ca;_[berkeley_calif.,N/A,N/A
"Port of Spain, Trinidad",,"Port of Spain, Trinidad,",port_of_spain_trinidad,10.66667,-61.51667
Ciudad de La Habana,,"Ciudad de La Habana,",ciudad_de_la_habana,41.6383845,-4.7601675
"London; Portsmouth, N.H., USA",,"London; Portsmouth, N.H., USA,",london;_portsmouth_n.h._usa,N/A,N/A
Caracas,,"Caracas,",caracas,10.5,-66.93333
"San Juan, Puerto Rico",,"San Juan, Puerto Rico,",san_juan_puerto_rico,18.381676,-66.052529
Zürich,,"Zürich,",zürich,47.37861,8.54
"Ciudad de La Habana, Cuba",,"Ciudad de La Habana, Cuba,",ciudad_de_la_habana_cuba,23.101612,-82.321534
Santo Domingo,,"Santo Domingo,",santo_domingo,18.49333,-69.86667
Zürich,,"Zürich,",zürich,47.37861,8.54
San Juan (Puerto Rico,,"San Juan (Puerto Rico,",san_juan_(puerto_rico,18.381676,-66.052529
Bogotá,,"Bogotá,",bogotá,4.59889,-74.08083
El Vedado (La Habana,,"El Vedado (La Habana,",el_vedado_(la_habana,23.139485,-82.403331
Ciudad de La Habana [Cuba,,"Ciudad de La Habana [Cuba,",ciudad_de_la_habana_[cuba,23.101612,-82.321534
Washington,,"Washington,",washington,48.0250054,-120.09429
"Alfragide, Portugal",,"Alfragide, Portugal,",alfragide_portugal,38.735,-9.22
Kraków,,"Kraków,",kraków,50.06667,19.95
Zürich,Switszerland,"Zürich, Switszerland",zürich_switszerland,47.37861,8.54
"San Juan, P.R.",,"San Juan, P.R.,",san_juan_p.r.,18.381676,-66.052529
"Indianapolis, Ind",United States,"Indianapolis, Ind, United States",indianapolis_ind_united_states,39.7162165,-86.29585
"Oxford, ENG",England,"Oxford, ENG, England",oxford_eng_england,51.773175,-1.264027
"Kingston, JAM",Jamaica,"Kingston, JAM, Jamaica",kingston_jam_jamaica,17.964814,-76.791685
"Port of Spain, TT",Trinidad & Tobago,"Port of Spain, TT, Trinidad and Tobago",port_of_spain_tt_trinidad_and_tobago,10.662182,-61.514909
"Port-au-Prince, HAT",Haiti,"Port-au-Prince, HAT, Haiti",port_au_prince_hat_haiti,18.5473,-72.3396
"Petit-Bourg, GP",Guadeloupe,"Petit-Bourg, GP, Guadeloupe",petit_bourg_gp_guadeloupe,16.19139,-61.59028
"Paris, FR",France,"Paris, FR, France",paris_fr_france,48.871132,2.345402
"Leeds, LDN",England,"Leeds, LDN, England",leeds_ldn_england,51.0003298,0.2357093
"Princeton, NJ",New Jersey,"Princeton, NJ, New Jersey",princeton_nj_new_jersey,40.29674,-74.59203
"Yorkshire, ENG",England,"Yorkshire, ENG, England",yorkshire_eng_england,51.5133883,-0.0379756
"Princeton, N.J,",New Jersey,"Princeton, N.J,, New Jersey",princeton_n.j_new_jersey,40.29674,-74.59203
"Scotts Valley, CA",United States,"Scotts Valley, CA, United States",scotts_valley_ca_united_states,37.05106,-122.01468
"Los Gatos, CA",United States,"Los Gatos, CA, United States",los_gatos_ca_united_states,37.226611,-121.97468
"Oxford ; Portsmouth, N.H.,",United States,"Oxford ; Portsmouth, N.H.,, United States",oxford_;_portsmouth_n.h._united_states,N/A,N/A
"Amherst, M.A",United States,"Amherst, M.A, United States",amherst_m.a_united_states,42.368566,-72.505714
"London, LDN",England,"London, LDN, England",london_ldn_england,52.2101434,0.9577691
"Amsterdam, AMS",Netherlands,"Amsterdam, AMS, Netherlands",amsterdam_ams_netherlands,52.37276,4.893604
"Breda, NB",Netherlands,"Breda, NB, Netherlands",breda_nb_netherlands,51.61,4.75
"Den Haag, ZH",Netherlands,"Den Haag, ZH, Netherlands",den_haag_zh_netherlands,52.079984,4.311346
"Springfield, OH",United States,"Springfield, OH, United States",springfield_oh_united_states,39.923405,-83.810138
"Ambergate, ENG",England,"Ambergate, ENG, England",ambergate_eng_england,53.0588,-1.48205
"Brantford, Ont.",Canada,"Brantford, Ont., Canada",brantford_ont._canada,43.164911,-80.27127
London,Unites Kingdom,"London, Unites Kingdom",london_unites_kingdom,51.515618,-0.091998
Ambergate,England,"Ambergate, England",ambergate_england,53.0588,-1.48205
"Frankfurt, GE",Germany,"Frankfurt, GE, Germany",frankfurt_ge_germany,50.112871,8.7083015
"Bern, CH",Switzerland,"Bern, CH, Switzerland",bern_ch_switzerland,46.689976,7.866836
"Riga, LV",Latvia,"Riga, LV, Latvia",riga_lv_latvia,56.947179,24.111645
"Rio de Janeiro, BR",Brazil,"Rio de Janeiro, BR, Brazil",rio_de_janeiro_br_brazil,-22.918961,-43.09408
"Lisbon, PT",Portugal,"Lisbon, PT, Portugal",lisbon_pt_portugal,38.727637,-9.21814
"Madrid, ESP",Spain,"Madrid, ESP, Spain",madrid_esp_spain,40.423805,-3.68658
"Stockholm, SE",Sweden,"Stockholm, SE, Sweden",stockholm_se_sweden,59.3152756,18.0644951
Beograd; Alnari,Serbia,"Beograd; Alnari, Serbia",beograd;_alnari_serbia,N/A,N/A
"Stuggart, ZWS",Germany,"Stuggart, ZWS, Germany",stuggart_zws_germany,48.170648,9.640135
"Reggio Emilia, IT",Italy,"Reggio Emilia, IT, Italy",reggio_emilia_it_italy,44.634454,10.530006
"Napoli, IT",Italy,"Napoli, IT, Italy",napoli_it_italy,40.95235,14.306725
"New York, NY",New York,"New York, NY, New York",new_york_ny_new_york,40.7687223,-73.982661
Lund,Sweden,"Lund, Sweden",lund_sweden,55.70293,13.192945
"Brisbane, QLD",Australia,"Brisbane, QLD, Australia",brisbane_qld_australia,-27.487272,153.039947
Leipzig,Germany,"Leipzig, Germany",leipzig_germany,51.340632,12.374733
"Stuart, FL",United States,"Stuart, FL, United States",stuart_fl_united_states,27.197983,-80.251918
Lübeck,Germany,"Lübeck, Germany",lübeck_germany,53.866444,10.684738
Santiago de Cuba,Cuba,"Santiago de Cuba, Cuba",santiago_de_cuba_cuba,20.0198,-75.8139
São Paulo,Brazil,"São Paulo, Brazil",são_paulo_brazil,-23.5507,-46.6334
"Hygiene, CO",United States,"Hygiene, CO, United States",hygiene_co_united_states,40.188785,-105.17806
Rennes,France,"Rennes, France",rennes_france,48.111339,-1.68002
"Portsmouth, NH",United States,"Portsmouth, NH, United States",portsmouth_nh_united_states,43.070222,-70.754862
"Edinburg, TX",United States,"Edinburg, TX, United States",edinburg_tx_united_states,26.301398,-98.16245
"Champaign, IL",United States,"Champaign, IL, United States",champaign_il_united_states,40.116484,-88.243093
"Leeds, ENG",England,"Leeds, ENG, England",leeds_eng_england,33.547895,-86.557145
"Harlow, ENG",England,"Harlow, ENG, England",harlow_eng_england,51.767619,0.097489
Baghdad,Iraq,"Baghdad, Iraq",baghdad_iraq,33.35,44.41667
Beijing,China,"Beijing, China",beijing_china,39.905,116.39139
"Freeport, N.Y",United States,"Freeport, N.Y, United States",freeport_n.y_united_states,40.657607,-73.583583
"Harmondsworth, ENG",England,"Harmondsworth, ENG, England",harmondsworth_eng_england,51.4962091,-0.4688757
"North Stratford, NH",United States,"North Stratford, NH, United States",north_stratford_nh_united_states,44.751762,-71.628569
München,Germany,"München, Germany",münchen_germany,48.137108,11.575382
Athens,Greece,"Athens, Greece",athens_greece,37.99471,23.729531
Den Haag,,"Den Haag,",den_haag,52.079984,4.311346
Zagreb,,"Zagreb,",zagreb,45.813185,15.977177
Mexico D.F.,Mexico,"Mexico D.F., Mexico",mexico_d.f._mexico,19.337454,-99.150182
Barcelona; Buenos Aires,,"Barcelona; Buenos Aires,",barcelona;_buenos_aires,N/A,N/A
Bacrcelona,Spain,"Bacrcelona, Spain",bacrcelona_spain,41.382894,2.177432
,Mexico,", Mexico",_mexico,23.9504642,-102.53287
Köln,,"Köln,",köln,50.938361,6.959974
Oxford University Press,England,"Oxford University Press, England",oxford_university_press_england,51.758967,-1.265594
Soul,,"Soul,",soul,59.932293,30.327557
Athena,Greece,"Athena, Greece",athena_greece,36.386159,28.245077
Frankfurt/M.; Berlin,Germany,"Frankfurt/M.; Berlin, Germany",frankfurt/m.;_berlin_germany,N/A,N/A
Athena,,"Athena,",athena,39.491255,26.336478
Bucuresti,,"Bucuresti,",bucuresti,44.436141,26.10272
Krakow,Poland,"Krakow, Poland",krakow_poland,50.06667,19.95
Firenze,Italy,"Firenze, Italy",firenze_italy,43.769871,11.255576
"New Brunswick, New Jersey",,"New Brunswick, New Jersey,",new_brunswick_new_jersey,40.486217,-74.451817
"Poitiers (Vienne), France",,"Poitiers (Vienne), France,",poitiers_(vienne)_france,46.58026,0.340196
"Vienne, France",,"Vienne, France,",vienne_france,46.58139,0.34056
"Niort, France",,"Niort, France,",niort_france,46.324113,-0.46494
Matanzas,,"Matanzas,",matanzas,18.243,-70.4177
Matanazas,Cuba,"Matanazas, Cuba",matanazas_cuba,23.0511,-81.5753
"Portsmouth, NH",,"Portsmouth, NH,",portsmouth_nh,43.070222,-70.754862
"New York, NY",,"New York, NY,",new_york_ny,40.7687223,-73.982661
"Indianapolis; New York, NY",,"Indianapolis; New York, NY,",indianapolis;_new_york_ny,N/A,N/A
"Ann Arbor, Mich., University Microfilms",,"Ann Arbor, Mich., University Microfilms,",ann_arbor_mich._university_microfilms,42.279113,-83.73904
"Tafalla, Navarra",,"Tafalla, Navarra,",tafalla_navarra,42.527828,-1.674482
"Miami, FL, Fla",,"Miami, FL, Fla,",miami_fl_fla,25.7651352,-80.185373
Munich,,"Munich,",munich,48.137108,11.575382
"Coconut Creek, Fla.",,"Coconut Creek, Fla.,",coconut_creek_fla.,26.251748,-80.178935
"Pompano Beach, FL",,"Pompano Beach, FL,",pompano_beach_fl,26.23786,-80.124767
Les Ed. Fran??ais R??unis,,"Les Ed. Fran??ais R??unis,",les_ed._fran??ais_r??unis,N/A,N/A
Lewiston,,"Lewiston,",lewiston,44.100351,-70.214776
(London),England,"(London), England",(london)_england,51.515618,-0.091998
Paris; Budapest; Kinshasa,,"Paris; Budapest; Kinshasa,",paris;_budapest;_kinshasa,N/A,N/A
Port-au-Prince,,"Port-au-Prince,",port_au_prince,18.5473,-72.3396
"Port of Spain, Trinidad & Tobago",,"Port of Spain, Trinidad & Tobago,",port_of_spain_trinidad_&_tobago,10.660319,-61.511573
Kbh.,,"Kbh.,",kbh.,-3.647235,133.739599
Nendeln (Liechtenstein); Kraus,,"Nendeln (Liechtenstein); Kraus,",nendeln_(liechtenstein);_kraus,N/A,N/A
Pp. 207. Hutchinson,,"Pp. 207. Hutchinson,",pp._207._hutchinson,40.205274,-79.752138
,Trinidad & Tobago,", Trinidad & Tobago",_trinidad_&_tobago,10.687866,-61.615387
"Normal, IL",,"Normal, IL,",normal_il,40.509287,-88.98438
Buenos Aires,,"Buenos Aires,",buenos_aires,-34.59972,-58.38194
"Peterborough, Ont.; Orchard Park, NY",,"Peterborough, Ont.; Orchard Park, NY,",peterborough_ont.;_orchard_park_ny,N/A,N/A
Trinidad & Tobago,,"Trinidad & Tobago,",trinidad_&_tobago,10.687866,-61.615387
Fredensborg,,"Fredensborg,",fredensborg,55.981354,12.395782
"Harlow, Essex, England",England,"Harlow, Essex, England, England",harlow_essex_england_england,51.767619,0.097489
London u.a.,England,"London u.a., England",london_u.a._england,52.2101434,0.9577691
Port of Spain,,"Port of Spain,",port_of_spain,10.66667,-61.51667
"Burnt Mill, Harlow, Essex, England",,"Burnt Mill, Harlow, Essex, England,",burnt_mill_harlow_essex_england,51.7795089,0.0926568
Oxford University Press,,"Oxford University Press,",oxford_university_press,51.752322,-1.255416
"Kingston, Jamaica",,"Kingston, Jamaica,",kingston_jamaica,18.017589,-76.80273
"Mona, Jamaica",,"Mona, Jamaica,",mona_jamaica,44.47547,-68.78295
Trinidad u.a.,,"Trinidad u.a.,",trinidad_u.a.,25.7176078,-100.13185
Trinidad,,"Trinidad,",trinidad,10.468643,-61.253176
Gainesville,,"Gainesville,",gainesville,29.651968,-82.324985
"Georgetown, Guyana",,"Georgetown, Guyana,",georgetown_guyana,6.78333,-58.16667
San Franciso,,"San Franciso,",san_franciso,-3.168567,-60.105037
"Oxford; Portsmouth, NH",,"Oxford; Portsmouth, NH,",oxford;_portsmouth_nh,N/A,N/A
Macdonald Orbis,,"Macdonald Orbis,",macdonald_orbis,49.666667,-97.5
"Matoury, French Guiana",,"Matoury, French Guiana,",matoury_french_guiana,4.85056,-52.33111
"Caroni, Trinidad & Tobago",,"Caroni, Trinidad & Tobago,",caroni_trinidad_&_tobago,10.687866,-61.615387
"La Vergne, Tenn.",,"La Vergne, Tenn.,",la_vergne_tenn.,34.11814,-117.73198
New Delhi,India,"New Delhi, India",new_delhi_india,28.613895,77.209006
Philadelphia,United States,"Philadelphia, United States",philadelphia_united_states,39.952724,-75.163526
Chicago,,"Chicago,",chicago,41.875562,-87.624421
Frankfurt; Madrid,,"Frankfurt; Madrid,",frankfurt;_madrid,N/A,N/A
"New York, NY, N.Y.",United States,"New York, NY, N.Y., United States",new_york_ny_n.y._united_states,40.613996,-74.176933
"New York, NY; Toronto",,"New York, NY; Toronto,",new_york_ny;_toronto,N/A,N/A
Ch??lons,,"Ch??lons,",ch??lons,N/A,N/A
"Miami, FL, FL",United States,"Miami, FL, FL, United States",miami_fl_fl_united_states,25.7204805,-80.278451
Santa Clara,Cuba,"Santa Clara, Cuba",santa_clara_cuba,22.40667,-79.95306
"Brooklyn, NY, NY",United States,"Brooklyn, NY, NY, United States",brooklyn_ny_ny_united_states,40.682166,-73.987851
Jerusalem,,"Jerusalem,",jerusalem,31.7733151,35.1867903
Cap-Henry,,"Cap-Henry,",cap_henry,46.007812,-90.031647
Pp. 149. [Santiago de Cuba,,"Pp. 149. [Santiago de Cuba,",pp._149._[santiago_de_cuba,20.55529,-100.3853
Ciudad de La Habana,Cuba,"Ciudad de La Habana, Cuba",ciudad_de_la_habana_cuba,23.101612,-82.321534
"New York, NY",Canada,"New York, NY, Canada",new_york_ny_canada,40.724703,-74.000962
Minneapolis,United States,"Minneapolis, United States",minneapolis_united_states,44.9773,-93.265469
Munchen,Germany,"Munchen, Germany",munchen_germany,48.137108,11.575382
Germany,Europe,"Germany, Europe",germany_europe,52.527905,13.394916
Torino,Italy,"Torino, Italy",torino_italy,45.067755,7.682489
Estonia,Europe,"Estonia, Europe",estonia_europe,59.93026,30.354204
London,Europe,"London, Europe",london_europe,51.516108,-0.080926
"Kendrick, ID",United States,"Kendrick, ID, United States",kendrick_id_united_states,46.61406,-116.64654
Benin City,Nigeria,"Benin City, Nigeria",benin_city_nigeria,39.736724,-104.98467
Abingdon,England,"Abingdon, England",abingdon_england,51.671484,-1.277972
St. James,Barbados,"St. James, Barbados",st._james_barbados,13.21667,-59.61667
Pasadena,United States,"Pasadena, United States",pasadena_united_states,29.691063,-95.209101
Saint Croix,Virgin Islands,"Saint Croix, Virgin Islands",saint_croix_virgin_islands,17.7789,-64.7455
St. Peter,Barbados,"St. Peter, Barbados",st._peter_barbados,13.25,-59.61667
Rhyl,Wales,"Rhyl, Wales",rhyl_wales,53.320743,-3.490726
Paramaribo,Suriname,"Paramaribo, Suriname",paramaribo_suriname,5.86667,-55.16667
"Manhattan, NY",United States,"Manhattan, NY, United States",manhattan_ny_united_states,40.789624,-73.959894
Benque Viejo Del Carmen,Belize,"Benque Viejo Del Carmen, Belize",benque_viejo_del_carmen_belize,17.07351,-89.139191
Orléans,France,"Orléans, France",orléans_france,47.902734,1.908607
Easthampton,Massachusetts,"Easthampton, Massachusetts",easthampton_massachusetts,42.268927,-72.668804
"Detroit, MI",United States,"Detroit, MI, United States",detroit_mi_united_states,42.331551,-83.04664
"Chico, CA",United States,"Chico, CA, United States",chico_ca_united_states,39.728495,-121.83748
"Buffalo, NY",United States,"Buffalo, NY, United States",buffalo_ny_united_states,42.886717,-78.878392
"North Melbourne, Vic",Australia,"North Melbourne, Vic, Australia",north_melbourne_vic_australia,-37.79917,144.94667
Norderstedt,Germany,"Norderstedt, Germany",norderstedt_germany,53.70899,9.989191
Zürich,Switzerland,"Zürich , Switzerland",zürich__switzerland,47.37861,8.54
"Watertown, MA",United States,"Watertown, MA, United States",watertown_ma_united_states,42.37093,-71.182832
"Brantford, ON","Brantford, ON","Brantford, ON, Brantford, ON",brantford_on_brantford_on,43.169325,-80.21686
Toronto,Canada,"Toronto , Canada",toronto__canada,43.653482,-79.383935
Perros-Guirec,France,"Perros-Guirec, France",perros_guirec_france,48.815113,-3.439466
"Durham, NC",United States,"Durham, NC, United States",durham_nc_united_states,35.996653,-78.901805
Quebec,Canada,"Quebec, Canada",quebec_canada,46.82596,-71.235223
Nederland,,"Nederland,",nederland,29.97438,-93.992397
Montrouge,,"Montrouge,",montrouge,48.818854,2.319437
Amsterdam,,"Amsterdam,",amsterdam,52.37276,4.893604
Taibei,,"Taibei,",taibei,23.3,120.27
Matoury (Guyane Fran??aise),,"Matoury (Guyane Fran??aise),",matoury_(guyane_fran??aise),N/A,N/A
Paris; Dakar,,"Paris; Dakar,",paris;_dakar,N/A,N/A
Matoury,,"Matoury,",matoury,4.85056,-52.33111
Nendeln,,"Nendeln,",nendeln,51.756721,6.961238
Baarn; Den Haag; Brussel,,"Baarn; Den Haag; Brussel,",baarn;_den_haag;_brussel,N/A,N/A
Nendeln (tr. Germany),,"Nendeln (tr. Germany),",nendeln_(tr._germany),52.5576899,13.2938938
Fr??jus,,"Fr??jus,",fr??jus,N/A,N/A
"Kingston; Miami, FL",,"Kingston; Miami, FL,",kingston;_miami_fl,N/A,N/A
"St. Mary/St. Catherine, Jamaica, W.I.",,"St. Mary/St. Catherine, Jamaica, W.I.,",st._mary/st._catherine_jamaica_w.i.,18,-77
Bornheim,,"Bornheim,",bornheim,50.129731,8.710612
Praha,,"Praha,",praha,50.087465,14.421253
Warszawa,,"Warszawa,",warszawa,59.931331,30.319935
"Chapel Hill, N.C.",,"Chapel Hill, N.C.,",chapel_hill_n.c.,35.913154,-79.05578
Prince Frederick,,"Prince Frederick,",prince_frederick,38.5404,-76.584402
"North Andover, Mass.",,"North Andover, Mass.,",north_andover_mass.,8.28374991,14.85553
"Columbus, O.H.",,"Columbus, O.H.,",columbus_o.h.,39.96226,-83.000707
"Prince Frederick, Md.; [Prince Frederick, Md.",,"Prince Frederick, Md.; [Prince Frederick, Md.,",prince_frederick_md.;_[prince_frederick_md.,N/A,N/A
Oxford,,"Oxford,",oxford,51.758645,-1.2556475
"Toronto, ON",,"Toronto, ON,",toronto_on,43.653482,-79.383935
"Markham, ON",,"Markham, ON,",markham_on,43.856371,-79.337682
St. Lucia,,"St. Lucia,",st._lucia,27.911547,-15.54052
Philadelphia.,,"Philadelphia.,",philadelphia.,39.952724,-75.163526
"New York, NY; London",,"New York, NY; London,",new_york_ny;_london,N/A,N/A
Roseau,,"Roseau,",roseau,48.8504155,-95.698589
"Roseau, Dominica",,"Roseau, Dominica,",roseau_dominica,15.2984622,-61.387505
"Roseau, Dominica, W.I.",,"Roseau, Dominica, W.I.,",roseau_dominica_w.i.,15.2984622,-61.387505
London; Kingston; Port of Spain,,"London; Kingston; Port of Spain,",london;_kingston;_port_of_spain,N/A,N/A
Charlottesville,,"Charlottesville,",charlottesville,38.029306,-78.476678
Haiti,,"Haiti,",haiti,19.1824357,-72.434515
Firenze,,"Firenze,",firenze,43.769871,11.255576
Carouge-Geneve,Switzerland,"Carouge-Geneve, Switzerland",carouge_geneve_switzerland,46.18333,6.13333
Ankara,Turkey,"Ankara, Turkey",ankara_turkey,39.86667,32.86667
Erlandson,Denmark,"Erlandson, Denmark",erlandson_denmark,55.9633979,10.0462968
Muir of Od,Scotland,"Muir of Od, Scotland",muir_of_od_scotland,57.517318,-4.456204
"Port Townsend, WA",United States,"Port Townsend, WA, United States",port_townsend_wa_united_states,48.118533,-122.76796
"Fredericton, NB",Canada,"Fredericton, NB, Canada",fredericton_nb_canada,45.966425,-66.645813
"Spartanburg, SC",United States,"Spartanburg, SC, United States",spartanburg_sc_united_states,34.949801,-81.932016
Wuppertal,Germany,"Wuppertal, Germany",wuppertal_germany,51.264018,7.178037
"Pessac, BX",France,"Pessac, BX, France",pessac_bx_france,44.805615,-0.63084
Bussum,Netherlands,"Bussum, Netherlands",bussum_netherlands,52.277421,5.162746
"Mineola, NY",United States,"Mineola, NY, United States",mineola_ny_united_states,40.749268,-73.640685
"Stratford, ON",Canada,"Stratford, ON, Canada",stratford_on_canada,43.37009,-80.981802
"Waterloo, ON",Canada,"Waterloo, ON, Canada",waterloo_on_canada,43.46527,-80.522296
"Brooklyn, NY",United States,"Brooklyn, NY, United States",,40.652601,-73.949721